name,price,elem
知りたいタイポグラフィデザイン,¥1430,
ミリタリージャケット 迷彩 シャツ,¥10000,
GI 水筒 コップ付き モリタ ミリタリー サバゲー,¥3980,
新年1.2.3日限定価格 ミリタリー等のパッチ画像3枚分詰め合わせ,¥3000,
GUCCIの折りたたみ財布,¥35000,
ミリタリー コート トレンチコート Mサイズ,¥1200,
WORLD WIDE LOVE! ミリタリーブルゾン,¥2700,
岡山児島産ジョンブルJOHN BULL ミリタリーモッズコートMサイズ,¥8400,
ミリタリー ランドリー 安全ピン アメリカ軍 ビンテージ 米軍,¥600,
バーバリーミリタリージャケット,¥23670,
❗️正規品❗️TIFFANY&Co.リターントゥ　ブレスレット,¥9500,
当時物！希少！50年代ヴィンテージ ミリタリー CWU-1P ビームス シップス,¥19800,
ラッピング・コレクション 気持ちをこめて、大切な人に贈りたい,¥790,
まふまふ 女の子になりたい ファンミ アクキー,¥2888,
RRLミリタリーベスト,¥19800,
税込み価格22000円　イベント限定　ジャイアントバルタン星人グリーングリター,¥14000,
ミリタリージャケット,¥2200,
RAKUGAKI ミリタリージャケット,¥7050,
ミリタリージャケット インターブリード interbreed,¥7900,
ミリタリーシャツ,¥1000,
ダウンコート ファーコート ミリタリーコート ロング丈 ファー付き カラー豊富,¥6500,
ミリタリージャケット,¥7800,
ミリタリージャケット　ディゼル,¥3333,
良品フリー☆アバハウスストレッチミリタリーテイストジャケット,¥2580,
ドンキーコング リターンズ,¥700,
ノベルティー ノリタケ 紅茶 3種,¥500,
ワンタッチ自動開閉折りたたみ傘,¥789,
chu-bo！ おでかけ用哺乳ボトル 使いきりタイプ,¥800,
カーゴパンツ タクティカルパンツ ミリタリー ブラック メンズ Mサイズ,¥2980,
12才の脳がみるみる吸い込む どんどん知りたい科学の「なぜ」40,¥550,
ノリタケブランドの大皿です。2枚セット。令和最後の値下げしましたお年玉価格です,¥2100,
折りたたみ椅子 #爆買い正方形,¥3800,
ノリタケ サラダボール&ノリタケクラウンペアマグカップ　お年玉価格です,¥2400,
マウンテンパーカー ミリタリージャケット パープルアンドイエロー,¥2400,
カリタコーヒーメーカー「カフェコローレ」,¥2500,
ノリタケ製品。マグカップ2個、グラス3個、ファンデーション入れ？お年玉価格です,¥3000,
imp インプ 迷彩柄ZIPUPパーカー お兄 ビター アメカジ  ミリタリー,¥3500,
polo ラルフローレン  rugby スプリングコートミリタリージャケット,¥3580,
りたん酵素　30×2  RITAN生酵素,¥2000,
折りたたみ財布,¥1580,
中田商店 B-10 ミリタリージャケット,¥11500,
新品★X-girlのカモフラ柄パフジャケット‼️今年もミリタリーでしょ❤️✨,¥12500,
私は貝になりたい　映画パンフレット 主演:中居正広,¥700,
panaspur ミリタリー カーゴパンツ,¥2000,
フェンディ FENDI 折りたたみ財布 箱 タグ 付属品完備,¥13000,
university of oxford ミリタリージャケット M アメカジ,¥5000,
COACH メンズ　折りたたみ長財布【美品】,¥7980,
新春値下！ SUITSSELECT ステンカラー ミリタリーフィールドコート,¥6111,
だれもが知りたい!キセキの誕生日うらない : 366日分のランキングつき!!,¥380,
ブラックスケール ミリタリージャケット XXL,¥7900,
アクタスカラーズ 折りたたみ傘 キャラメルブラウニー 6本骨 超軽量,¥1400,
カナダグース【新品未使用品】シャトーパーカー Sサイズ / ミリタリーグリーン,¥104000,
エドウィン　EDWIN S403 デニム　ミリタリー  29インチ,¥3000,
セール【美品】SCHLUSSEL(シュリセル)  モッズコート ミリタリー,¥3980,
browny ブラウニー　ミリタリー 長袖シャツ　S,¥2000,
折りたたみ財布　皮,¥2400,
ニトリ  折りたたみコンパクトデスク,¥1200,
大人女子のミリタリーダウンジャケット♪,¥4000,
奥田民生になりたいボーイと出会う男すべて狂わせるガール 映画 プレスシート,¥5000,
映画 人生スイッチ プレスシート,¥5000,
迷彩 ミリタリージャケット,¥2000,
新品 GILDAN ギルダン カブリパーカー ミリタリーグリーン L,¥2580,
疲れをとりたきゃ腎臓をもみなさい,¥700,
vintage アーティザナル ヴィンテージ ecwcs ミリタリー ジャケット,¥14000,
オールドノリタケ  風景画　クリーマー,¥6500,
《この先6ヶ月使えるアウター》ミリタリーモッズブルゾン,¥14000,
まふまふ ファンミ アクキー 女の子になりたい,¥2888,
アディダス ミリタリー バックパック,¥2000,
【出品は年内まで】AVIREX  迷彩 ミリタリージャケット avirex,¥7000,
ドッキングミリタリーワンピース,¥7000,
ハンマーセッション!R(リターンズ) 2(ルカ伝6章37節作戦の巻),¥500,
ハンマーセッション! R(リターンズ) 暁の刑務所特急(プリズン・エクスプレス…,¥500,
期間限定値下げ❗️ミリタリージャケット 迷彩,¥3333,
私に天使が舞い降りた！ イラストボート,¥2700,
現職人事が書いた「公務員になりたい人へ」の本 2017年度版,¥479,
お正月特価★M65ミリタリージャケット,¥17900,
Ewin 折りたたみ式　Bluetoothキーボード  #157,¥4080,
まふまふ 女の子になりたい 君のくれたアステリズム アクキー ファンミ,¥5555,
折りたたみ ワイヤレス キーボード bluetooth接続 タブレット対応,¥2000,figcaption
子育てハッピーアドバイス 2(もっと知りたい小児科の巻),¥680,
モッズコート　ミリタリーコート　MA1,¥4000,
ノリタケ　ベルサトーン　プレート　2枚,¥1900,
ノリタケ　クラフトーン  プレート　2枚,¥1900,
oamc ミリタリージャケット 新年セール,¥11111,
C&C マルイMWS用 マリタイムボルトストップ,¥4000,
GDCライナー付ミリタリーM-65風コットンジャケットM●グランドキャニオン黒,¥5300,
GAP SNOWKELミリタリージャケット,¥7500,
ペット用 キャリーバッグ 犬 猫 ペットキャリーケース 折りたたみ 中小型犬用,¥2600,
YMCL.KYミリタリーウールピーコート36S黒●ビンテージPコート　ジャケット,¥7500,
アップリカ 人気 ココネル 折りたたみ ベビー ベッド ミルクWH 送料無料☆,¥11100,
JZX100 部品取りタービン,¥1800,
おしりたんてい(8) ププッ うたがわれたけいじ,¥2500,
おしりたんてい(7) ププッ みはらしそうのかいじけん,¥2500,
空箱TIFFANY リターントゥハート,¥6666,
Paul Smithポールスミスコレクション　ミリタリーシャツ　フリーサイズ,¥5600,
フリークスストア　シャーリングミリタリージャケット,¥4000,
ダメな私に恋してくださいR(リターンズ)1～6,¥1850,
ミッキーとミニーの折りたたみ財布,¥1100,
PAGEBOY モッズコート ミリタリーコート,¥1800,
FURLA 折りたたみ財布,¥6150,
ベドウィン　bedwin m65　ミリタリー,¥15900,
MILITARY MODS DOWN ミリタリーモッズダウンコート,¥32000,
rrl ミリタリー  ボンバーキャップ,¥12000,
SEIKO SUS（サス） AGS ミリタリー 黒文字盤 腕時計 セイコー,¥24200,
dhc☆DHC 犬用 国産生肉使用の贅沢ごはん カリカリタイプ（チキン/シニア）,¥2140,
usa製 xs アルファ m65 ミリタリージャケット,¥6666,
ミリタリーシャツ☆迷彩★M size,¥555,
40's～ビンテージ◎未使用◎ほぼデッド◎ペニーズ◎ワークシャツミリタリー系,¥9800,
☆新品　ノリタケ　クリスタル　カッティング　デザート鉢　4客セット,¥1800,
■未使用　デッドストック セイコー ミリタリー クロノグラフ 白文字盤,¥15800,
オールドノリタケ  湖畔の風車　トリオカップ,¥11111,
149.【大人気SALE✨】コンパクト♡おしゃれ折りたたみ財布/即購入可,¥1850,
Knirps折りたたみ傘,¥2200,
ミリタリージャケット モッズコート,¥4600,
大阪TRUCKアウトドア折りたたみ椅子,¥16000,
デイオール  Dior  折り畳み傘 傘 訳あり 折りたたみ,¥6000,
おしりたんてい7冊セット,¥4999,
新日本プロレス 折りたたみコンテナ,¥27777,
antiqua☆ミリタリースカート 完売品,¥3700,
ミリタリージャケット Free size,¥5500,
179/WG ミリタリーシャツ,¥900,
ルイヴィトン 折りたたみ財布,¥60000,
希少40'sデッドストックビンテージスウェーデン軍ミリタリープルオーバーシャツ,¥12800,
折りたたみボストンバッグ　キャリーオンバック（キャリーケース取付可能）,¥700,
291295 ＝オム　　ミリタリーコート　正月価格‼️,¥2000,
PUEBCO ミリタリーポンチョ,¥3800,
バズリクソンズミリタリージャケット,¥19000,
デミ サプリケアイズム クレンジング シャンプー sd しっとりまとまりタイプ,¥2000,
【箱付き】POLO RALPH LAUREN ラルフローレン 折りたたみ 財布,¥4580,
お値下げ❗️ナイキ  折りたたみ財布,¥1050,
polo ralph laurenポロラルフミリタリー ダウンジャケットL,¥3980,
新品未開封 Redy ミリタリーコート ロングコート レディー,¥18500,
値下げミリタリーボアパーカー★ロデオクラウンズ,¥3900,
ナリタブライアン三冠馬記念ジッポー,¥11500,
ズーマー　ZOOMER キャブ　ミリタリー仕様　アーミー　ラッカス,¥135000,
【年末年始SALE！】超便利！折りたたみアウトドアチェア,¥3490,
折りたたみ テーブル,¥4600,
おしりたんてい　フェイスタオルセット,¥1550,
折りたたみ自転車 新基準 自転車,¥14000,
ミリタリージャケット,¥888,
最終★N-3Bタイプミリタリージャケット,¥11700,
ノリタケ ナハトマン nachtmann ガラスボール4枚 ガラスボウル,¥3000,figcaption
FM TOWNS F29 リタリエイター,¥4400,
ハリウッドランチマーケット　ミリタリージャケット,¥4200,
新品新作 kbf KBFミリタリーアノラック3WAYコート,¥15000,
CHAPS RALPH LAURENのミリタリーコート,¥11100,
アバハウスのミリタリージャケット,¥10500,
歌い手 ひきこもりたちでもフェスがしたい！ 缶バッジ,¥5500,
MA-1/リバーシブル アウター ミリタリー ジャケット ブルゾン 古着,¥13300,
90s アメリカ軍 ヘンリーネック 5ボタン ニット セーター ミリタリー,¥6500,figcaption
further land⭐ウエストリターンデニム,¥2700,
カリタ　コーヒーミル,¥1900,
ティファニー リターントゥティファニートグルリングチョーカーネックレス,¥24000,
モッズコート ミリタリージャケット  M,¥3500,
ノリタケ　魔女の宅急便　カップ&ソーサー(ピンクとブルーのセット),¥5000,
❤️折りたたみ傘‼️新品❣️未使用‼️,¥666,figcaption
元旦セール！ミリタリー　パンツ,¥3999,
ドンキーコング リターンズ,¥4500,
⭐️新品格安⭐️折りたたみ❗ 椅子 チェア たたみ式,¥2500,
オメガOMEGAスケルトン手巻きメンズ腕時計（ミリタリー）,¥50000,figcaption
ノリタケボンチャイナ、デミカップです,¥1700,
【即納】agate メンズ ミリタリージャケット ファー付き V系 ブラック L,¥3380,
折りたたみトレーニングベンチ,¥2800,
ノリタケボンチャイナ、デミカップです。,¥1500,
Fearless 進撃の巨人風 ジャケット シャツ ブルゾン ミリタリー,¥11000,
SLYミリタリージャケット,¥3300,
iWear Smith today ミリタリーシャツ カーキ 古着 下北沢,¥3000,
Y-3 ミリタリー カーゴパンツ　S ブラック,¥8900,
ミリタリー サファリジャケット サファリコート  シャツ カーキ 探検服,¥9000,
Moussyミリタリージャケット,¥2300,
希少　ノリタケ　大皿,¥3999,
ノリタケ　ロマンブルー,¥2999,
《送料無料》ミリタリーコート  サイズS  150,¥1700,
希少 ノリタケ プリマストーン カップ&ソーサー 5客セット,¥4000,
TMT ミリタリージャケット,¥9555,
ノリタケ ロマンブルー スープ皿 スプーン,¥2999,
Memory Special  ミリタリーパンツ レザー 革  革ジャン,¥13300,
ザ ハウス オブ ザ デッド 2＆3 リターン,¥2444,
ミリタリーウォッチ　未使用　新品,¥1999,
古着　ミリタリージャケット　XL　迷彩　　グレー,¥2222,
ハンガーノック～ミリタリーグリーン,¥7900,
美品☆ELLEPLANETE☆ミリタリーコート 36,¥3700,
Polo Ralph Lauren  vintage ミリタリージャケット　古着,¥9800,
ヘアドライヤー 折りたたみ式 ドライヤー 大風量,¥6000,
Honeys ミリタリーシャツ,¥600,
anap mimpi ミリタリー,¥1500,
おしりたんてい 鉢 鉢カバー ブリキポット,¥888,
元日セール☆セオリー折りたたみ財布&カード入れ新品,¥8499,
GUCCI(グッチ)の折りたたみ財布,¥9800,
1910'sビンテージオリジナルアメリカ軍WW1ウールフィールドミリタリーパンツ,¥24800,
新品　かじかじりっぴー　ぬいぐるみvol.2　りたろ　リス　りす　ぬいぐるみ,¥3600,
ミリタリージャケット　新品未使用,¥2800,
longbeach 購入 ミリタリー ライナー ジャケット 古着 ロングビーチ,¥14000,
ミリタリージャケット,¥4300,
特大 折りたたみ テーブル COSTCO,¥8200,
折りたたみ傘 メンズ 丈夫 ケースカバー付 ワンタッチ 大きい 高級感 ブラック,¥1780,
【８枚板・６７cm】折りたたみ ウインドスクリーン アルミ風除板 防風板 収納袋,¥920,
ステューシー ビンテージ ミリタリー ジャケット　モッズコート,¥5999,
トミカ　フォークリフト3点セット！絶版！,¥3555,
折りたたみ傘 メンズ 丈夫 ケースカバー付き ワンタッチ 大きい ネイビー,¥1780,
スウェーデン軍 M59 コートライナー ボアライナー ミリタリー,¥13780,
Rady ミリタリーコート モッズコート,¥10000,
ポールスミスの折りたたみ財布,¥22000,
vintage ALPHA M-65 USA製 ミリタリージャケット,¥8800,
折りたたみ傘,¥1999,
元旦セール☆【新品/難あり】折りたたみダウンコート,¥1500,
歳末セール！select moca ミリタリージャケット,¥2700,
a010 ガス ミリタリージャケット XS ダークブラウン レディース,¥1900,
ビンテージ ミリタリージャケット モッズコート フード付き,¥9200,
オールドノリタケ ツリー イン ザ メドウ 大 クリーマー  アールデコ,¥4580,
ノートパソコン スタンド 折りたたみ,¥1400,
vintage A.P.C. ミリタリージャケット,¥7100,
定価9000円 新品箱付き！軽量レザー折りたたみ財布,¥3100,
豪華！オールドノリタケ 小コンポート アールデコ 金盛 1906,¥12000,
アンナンバー☆ミリタリートレンチコート,¥12000,
コンバース/ワンスター アウター ミリタリージャケット M-65 古着,¥4790,
WORKPRO 折りたたみナイフ2点組 フォールディングナイフ 直刃,¥889,
使えれば構わない人向けボールペンウォーターマンメトロポリタンデラックス,¥2200,
G-STAR GS RAW01  ミリタリージャケット ブラック,¥4900,figcaption
トップスまとめ売りタイムセール,¥1400,
折りたたみ傘 自動開閉 頑丈な12本骨 ワンタッチ 折り畳み傘 メンズ 耐強風,¥1900,
ケイトスペード ワンタッチ折りたたみ傘 アヒル,¥6300,
rady ミリタリー ファー N2B ビジュー ボア 3way コート,¥7777,
ファイナルファンタジー13、13-2、ライトニングリターンズ☆FF13☆セット,¥1290,
お正月セール！売り切りたいのでお安くなってます！スリムバースト  夏に向けて！,¥850,
イタリア軍　ブランケット　毛布　ラグ　ミリタリー　ヴィンテージ,¥8800,
【売りたいです様専用】ナイキ　セットアップ　パリサンジェルマン,¥4000,
ありたろー様専用ページ,¥1350,
折りたたみ マット クッション グリーン 収納袋 ・bov,¥577,
ミリタリーボアジャケット,¥1980,
スイスミリタリー 腕時計,¥1550,
HEAD PORTER オールブラック ミリタリー 時計,¥680,figcaption
ミリタリージャケット,¥4000,
ジューサークチュール　ジャケット ミリタリー JUICY COUTURE,¥2900,
【2020年、2020円❗】ミリタリージャケット,¥2020,
【謹賀新年特価！！ レゴ互換】アメリカ軍 MLRS ミリタリーブロック模型,¥2980,
専用　　トミカ　モリタ　CD-Ⅰ型　ポンプ消防車,¥650,figcaption
グレースコンチネンタル ミリタリー コート カーキ 38 L,¥13100,
中綿入り ベスト ミリタリー調 モスグリーン S,¥2600,
ヒョウ柄 マイメロ 折りたたみ布団 寝袋,¥5300,
ジャーナルスタンダード モッズコート ラクーンファー カーキ ミリタリー,¥4700,
新品箱付き！定価26000円 SONIA RYKIEL 折りたたみ財布,¥6500,
ウサギのカバー入りの折りたたみ傘（中古,¥450,
GUCCI グッチ 折りたたみ財布 新年セール！,¥13000,
ロスコ ミリタリージャケット S,¥3000,
【好きな場所に棚が簡単に作れる‼️】ワンタッチ折りたたみ棚受け 金具,¥2690,
フランス軍 M-65 ミリタリージャケット  UGECOMA PSRIS1986,¥3600,
ジョンブル N-3B ミリタリー ジャケット,¥12000,
【謹賀新年特価！！ レゴ互換】ソビエト軍？BM-21? ミリタリー ブロック模型,¥3180,
オールドノリタケ カップ&ソーサー 4客セット おまけ,¥8800,
Lafayette ラファイエット 折りたたみイス 椅子 キャンプチェア 迷彩,¥4300,
ノリタケ,¥3000,
うりたん様専用,¥13500,figcaption
もし僕がいま25歳なら、こんな50のやりたいことがある。,¥350,
東京マルイ No.17 M92Fミリタリー 10歳以上エアーHOPハンドガン,¥2850,
